Time;Active Instrument A Channel 4 Voltage Avg;Active Instrument A Channel 4 Current Avg;Active Instrument A Channel 4 Power Avg
0.65630208;0.022051286;0.069652483;0.001535927
0.6573056;0.025808567;0.069649883;0.001797564
0.65830912;0.033043843;0.069621727;0.002300569
0.65931264;0.040147744;0.069588512;0.002793822
0.66031616;0.047215637;0.069592275;0.003285844
0.66131968;0.054128803;0.069589801;0.003766813
0.6623232;0.061251193;0.069581248;0.004261934
0.66332672;0.068224691;0.069594085;0.004748035
0.66433024;0.075244904;0.069625877;0.005238992
0.66533376;0.082429573;0.06958475;0.005735841
0.66633728;0.089390427;0.069599539;0.006221533
0.6673408;0.096566334;0.069586568;0.00671972
0.66834432;0.103521347;0.069521688;0.007196979
0.66934784;0.110635951;0.069532454;0.007692789
0.67035136;0.117683411;0.069537126;0.008183366
0.67135488;0.124634527;0.069554128;0.008668846
0.6723584;0.131691724;0.069552958;0.009159549
0.67336192;0.138643816;0.06957294;0.009645858
0.67436544;0.145608544;0.069549844;0.010127051
0.67536896;0.152623892;0.069492884;0.010606274
0.67637248;0.159808561;0.069496259;0.011106097
0.677376;0.166884243;0.069470823;0.011593586
0.67837952;0.173631981;0.069485486;0.012064903
0.67938304;0.18070668;0.069480427;0.012555577
0.68038656;0.187712297;0.069517925;0.013049369
0.68139008;0.194747105;0.069502741;0.013535458
0.6823936;0.201771215;0.069503263;0.014023758
0.68339712;0.208659068;0.069478087;0.014497233
0.68440064;0.215894341;0.069458365;0.014995668
0.68540416;0.222787082;0.069434233;0.01546905
0.68640768;0.229927957;0.069456294;0.015969944
0.6874112;0.236955956;0.0694585;0.016458605
0.68841472;0.244036496;0.069471993;0.016953702
0.68941824;0.251003176;0.069451749;0.01743261
0.69042176;0.258195639;0.069428913;0.017926243
0.69142528;0.265178889;0.069437608;0.018413388
0.6924288;0.272094965;0.06942632;0.018890552
0.69343232;0.27922222;0.069399334;0.019377836
0.69443584;0.286193758;0.06940984;0.019864663
0.69543936;0.293224692;0.069423981;0.020356825
0.69644288;0.300325662;0.069410875;0.020845867
0.6974464;0.307240784;0.069429949;0.021331712
0.69844992;0.314316452;0.069422558;0.021820652
0.69945344;0.321177065;0.069400109;0.022289723
0.70045696;0.328293622;0.069392323;0.022781057
0.70146048;0.335313827;0.06939622;0.023269512
0.702464;0.342316538;0.069362871;0.023744058
0.70346752;0.349380523;0.069373511;0.024237753
0.70447104;0.356413394;0.069379866;0.024727914
0.70547456;0.363435537;0.069388561;0.025218269
0.70647808;0.370378882;0.06939064;0.025700828
0.7074816;0.377486676;0.069393359;0.026195068
0.70848512;0.38444072;0.069365859;0.026667061
0.70948864;0.391539752;0.069359757;0.027157102
0.71049216;0.398471415;0.069320053;0.02762206
0.71149568;0.405573368;0.069316551;0.028112947
0.7124992;0.412689924;0.069349252;0.028619737
0.71350272;0.419703305;0.069350541;0.029106651
0.71450624;0.426674873;0.069351323;0.029590467
0.71550976;0.433678538;0.069340296;0.030071398
0.71651328;0.440711379;0.069324985;0.03055231
0.7175168;0.447850317;0.069296695;0.031034547
0.71852032;0.454865664;0.069288656;0.031517031
0.71952384;0.461854726;0.069275938;0.031995419
0.72052736;0.468908042;0.06929034;0.032490798
0.72153088;0.475848436;0.069292933;0.032972934
0.7225344;0.482838482;0.069318369;0.033469576
0.72353792;0.489811987;0.069286451;0.033937334
0.72454144;0.496819556;0.069284111;0.034421701
0.72554496;0.503975987;0.069262318;0.034906545
0.72654848;0.511011779;0.069237269;0.03538106
0.727552;0.517840266;0.069230132;0.03585015
0.72855552;0.524948061;0.069239609;0.036347198
0.72955904;0.532001376;0.069251545;0.036841917
0.73056256;0.538910627;0.06926854;0.037329552
0.73156608;0.545999944;0.069252975;0.037812121
0.7325696;0.553153515;0.069247;0.038304221
0.73357312;0.560265183;0.069232345;0.038788472
0.73457664;0.567182243;0.069192246;0.039244613
0.73558016;0.574232578;0.069193803;0.039733336
0.73658368;0.581202209;0.069198869;0.040218536
0.7375872;0.588261366;0.069214307;0.040716103
0.73859072;0.595294237;0.06921275;0.041201951
0.73959424;0.602300823;0.069203272;0.041681188
0.74059776;0.609385252;0.069201328;0.042170269
0.74160128;0.616335392;0.069192894;0.042646029
0.7426048;0.623341024;0.069157608;0.043108774
0.74360832;0.63041085;0.069145277;0.043589933
0.74461184;0.637317181;0.069153845;0.044072934
0.74561536;0.644505739;0.069144242;0.04456386
0.74661888;0.651421845;0.069158509;0.045051364
0.7476224;0.658428431;0.069182642;0.045551818
0.74862592;0.665488601;0.069171362;0.046032753
0.74962944;0.672418237;0.069140866;0.046491579
0.75063296;0.679586351;0.069153838;0.046996004
0.75163648;0.68651408;0.069123738;0.047454419
0.75264;0.693631709;0.069098562;0.047928954
0.75364352;0.700643122;0.069112971;0.048423528
0.75464704;0.707671106;0.06912569;0.048918253
0.75565056;0.714775026;0.069106221;0.049395401
0.75665408;0.721740723;0.06912154;0.04988783
0.7576576;0.728993475;0.069127887;0.050393779
0.75866112;0.735851228;0.069098048;0.050845883
0.75966464;0.742848039;0.069068722;0.051307565
0.76066816;0.749883831;0.069044724;0.051775522
0.76167168;0.756897271;0.069071189;0.052279794
0.7626752;0.763892174;0.069078453;0.05276849
0.76367872;0.77099508;0.069070801;0.053253248
0.76468224;0.778028905;0.069090262;0.053754221
0.76568576;0.784808695;0.069084682;0.054218259
0.76668928;0.791883528;0.069048613;0.05467846
0.7676928;0.798942566;0.06901475;0.055138822
0.76869632;0.806012452;0.069000602;0.055615344
0.76969984;0.812996686;0.068996966;0.056094305
0.77070336;0.820100605;0.069046669;0.056625215
0.77170688;0.827106178;0.069039531;0.057103023
0.7727104;0.834059238;0.069021106;0.057567691
0.77371392;0.841110528;0.069010466;0.05804543
0.77471744;0.848121047;0.068999045;0.058519542
0.77572096;0.855232716;0.068946108;0.058964967
0.77672448;0.862039864;0.068936512;0.059426021
0.777728;0.869040608;0.068963364;0.059931964
0.77873152;0.876353681;0.068946496;0.060421515
0.77973504;0.883280516;0.068959214;0.06091033
0.78073856;0.890359044;0.068956621;0.061396151
0.78174208;0.897293687;0.068972319;0.061888427
0.7827456;0.904444337;0.068959609;0.062370128
0.78374912;0.911440194;0.068901598;0.062799686
0.78475264;0.918368876;0.068895116;0.063271131
0.78575616;0.925493181;0.068896547;0.063763284
0.78675968;0.932387888;0.068891875;0.06423395
0.7877632;0.939522982;0.068886809;0.06472074
0.78876672;0.946438074;0.068897843;0.065207542
0.78977024;0.953500092;0.068893559;0.065690015
0.79077376;0.9604882;0.068894729;0.066172574
0.79177728;0.96743834;0.068868518;0.066626045
0.7927808;0.974587023;0.068849705;0.067100029
0.79378432;0.981418431;0.068837248;0.067558144
0.79478784;0.98857975;0.068847761;0.068061502
0.79579136;0.995570719;0.068835169;0.068530279
0.79679488;1.002588034;0.068850875;0.069029063
0.7977984;1.009561539;0.068834916;0.069493083
0.79880192;1.016598344;0.068842568;0.06998524
0.79980544;1.023592234;0.068848535;0.070472826
0.80080896;1.030693173;0.068801567;0.070913305
0.80181248;1.037896395;0.068751089;0.071356508
0.802816;1.044803739;0.068758227;0.071838853
0.80381952;1.05183959;0.068779767;0.072345281
0.80482304;1.05885005;0.068782493;0.072830347
0.80582656;1.065872192;0.068813249;0.073346129
0.80683008;1.073000431;0.068788722;0.073810329
0.8078336;1.079830885;0.068763547;0.074253001
0.80883712;1.086924911;0.068742789;0.07471825
0.80984064;1.093986034;0.068736039;0.075196267
0.81084416;1.10086906;0.068713985;0.0756451
0.81184768;1.107946754;0.068728514;0.076147534
0.8128512;1.114959121;0.068751611;0.076655236
0.81385472;1.121951103;0.068741105;0.077124159
0.81485824;1.128934383;0.068734609;0.077596863
0.81586176;1.136074305;0.068709962;0.078059622
0.81686528;1.143057585;0.068707883;0.078537067
0.8178688;1.150079727;0.068675704;0.078982535
0.81887232;1.157065749;0.068678558;0.079465607
0.81987584;1.164117098;0.068685442;0.079957898
0.82087936;1.171224952;0.068694912;0.080457195
0.82188288;1.178057313;0.068665326;0.080891689
0.8228864;1.185228348;0.068696596;0.081421153
0.82388992;1.19251132;0.068688422;0.081911721
0.82489344;1.199411869;0.068650797;0.082340581
0.82589696;1.20633769;0.068634965;0.082796945
0.82690048;1.213353992;0.068597466;0.083233009
0.827904;1.220386863;0.068610437;0.083731276
0.82890752;1.227474213;0.068592794;0.084195886
0.82991104;1.234619021;0.068628736;0.084730343
0.83091456;1.241647005;0.068637684;0.085223775
0.83191808;1.248491049;0.068620823;0.085672484
0.8329216;1.255519032;0.068593316;0.086120213
0.83392512;1.262511015;0.068575799;0.086577702
0.83492864;1.269753098;0.068553999;0.087046653
0.83593216;1.276626468;0.068539724;0.087499625
0.83693568;1.283560038;0.068535186;0.087969026
0.8379392;1.290684342;0.068565287;0.088496142
0.83894272;1.297557592;0.06854751;0.088944342
0.83994624;1.304622531;0.068525068;0.089399348
0.84094976;1.311726451;0.068534411;0.0898984
0.84195328;1.318609476;0.068524025;0.090356429
0.8429568;1.32547307;0.068484582;0.090774469
0.84396032;1.332721949;0.068481863;0.091267281
0.84496384;1.339826822;0.068490937;0.091765995
0.84596736;1.346833348;0.068484969;0.092237841
0.84697088;1.353945971;0.068506122;0.092753587
0.8479744;1.36087966;0.068506248;0.09322876
0.84897792;1.368044853;0.068510145;0.093724951
0.84998144;1.375013351;0.06846045;0.094134032
0.85098496;1.382050157;0.06844864;0.094599454
0.85198848;1.389124036;0.068431512;0.095059857
0.852992;1.396015763;0.068432942;0.095533466
0.85399552;1.403044701;0.068444617;0.096030857
0.85499904;1.410065889;0.068471864;0.09654984
0.85600256;1.417030692;0.068481863;0.097040901
0.85700608;1.424115062;0.06844034;0.09746692
0.8580096;1.43119657;0.06842126;0.097924272
0.85901312;1.438231349;0.06838052;0.098347007
0.86001664;1.445125937;0.068377279;0.098813779
0.86102016;1.452111244;0.068366639;0.099275966
0.86202368;1.459173203;0.068382211;0.09978149
0.8630272;1.466226578;0.068418413;0.100316896
0.86403072;1.473249793;0.068398692;0.100768358
0.86503424;1.480256319;0.06837637;0.101214553
0.86603776;1.487366915;0.068358079;0.101673544
0.86704128;1.494320035;0.068345234;0.102129652
0.8680448;1.501209855;0.068310454;0.102548327
0.86904832;1.508423805;0.068323687;0.103061076
0.87005184;1.51533103;0.068331085;0.103544214
0.87105536;1.522552848;0.068323299;0.104025834
0.87205888;1.529569983;0.068325378;0.104508447
0.8730624;1.536601901;0.068330698;0.10499708
0.87406592;1.543432474;0.068295926;0.10541015
0.87506944;1.550497293;0.068309031;0.105912968
0.87607296;1.557529211;0.068276204;0.106342182
0.87707648;1.564525008;0.06825687;0.10678958
0.87808;1.571507335;0.068237923;0.107236397
0.87908352;1.578569412;0.068260372;0.107753735
0.88008704;1.585575938;0.068264008;0.108237768
0.88109056;1.592674136;0.068259723;0.108715496
0.88209408;1.599747777;0.068256609;0.109193359
0.8830976;1.606644511;0.068250641;0.109654518
0.88410112;1.613705516;0.068215087;0.110079062
0.88510464;1.620870829;0.068181999;0.110514213
0.88610816;1.627784848;0.068178371;0.110979719
0.88711168;1.634731054;0.068209767;0.111504625
0.8881152;1.641864181;0.068199515;0.111974341
0.88911872;1.64867413;0.068190046;0.112423164
0.89012224;1.655839443;0.06820263;0.112932604
0.89112576;1.662887931;0.068170846;0.113360476
0.89212928;1.670052052;0.068146192;0.113807687
0.8931328;1.676995397;0.068111025;0.114221875
0.89413632;1.683981657;0.0681035;0.114685044
0.89513984;1.691041589;0.068119854;0.115193506
0.89614336;1.698039412;0.068132952;0.115692438
0.89714688;1.705160022;0.068148784;0.116204583
0.8981504;1.71207118;0.068132952;0.116648463
0.89915392;1.719146848;0.068110645;0.1170922
0.90015744;1.726183534;0.068082869;0.117523527
0.90116096;1.733082175;0.068072364;0.117975
0.90216448;1.740123868;0.06804888;0.118413479
0.903168;1.747030139;0.068065092;0.118911767
0.90417152;1.754146695;0.068068206;0.119401619
0.90517504;1.761050224;0.068083785;0.119898966
0.90617856;1.768085837;0.068066001;0.120346532
0.90718208;1.775149941;0.068038501;0.120778541
0.9081856;1.782270312;0.068028763;0.121245645
0.90918912;1.789174795;0.068003982;0.121671011
0.91019264;1.79612112;0.067972586;0.122086997
0.91119616;1.803267837;0.067990489;0.122605063
0.91219968;1.810192466;0.067996718;0.123087147
0.9132032;1.817344189;0.067984782;0.123551749
0.91420672;1.824578404;0.067995422;0.124062978
0.91521024;1.831468225;0.067991786;0.124524795
0.91621376;1.838440895;0.067961939;0.124944007
0.91721728;1.845563173;0.067944035;0.125395009
0.9182208;1.852502584;0.067900442;0.125785744
0.91922432;1.859510183;0.067909658;0.126278701
0.92022784;1.866628647;0.067910433;0.126763559
0.92123136;1.87354672;0.067914449;0.127240893
0.92223488;1.880663157;0.067915238;0.127725687
0.9232384;1.887676597;0.06790667;0.128185832
0.92424192;1.894585848;0.067914456;0.128669767
0.92524544;1.901672363;0.067887858;0.129100463
0.92624896;1.908661366;0.067856066;0.129514251
0.92725248;1.915819764;0.06781026;0.129912236
0.928256;1.922699928;0.067811817;0.130381776
0.92925952;1.929823279;0.067855671;0.130949454
0.93026304;1.936749101;0.067845941;0.131400564
0.93126656;1.943811059;0.067863725;0.131914259
0.93227008;1.950930595;0.067845292;0.132361457
0.9332736;1.957662821;0.067827001;0.132782399
0.93427712;1.964812279;0.067781977;0.133178861
0.93528064;1.971843362;0.067761734;0.133615526
0.93628416;1.979094267;0.067760438;0.134104294
0.93728768;1.986155272;0.06777925;0.134620116
0.9382912;1.993078113;0.067784838;0.135100478
0.93929472;2.000326157;0.06778276;0.135587627
0.94029824;2.007099152;0.067733839;0.135948531
0.94130176;2.014181614;0.067746818;0.136454395
0.94230528;2.02138567;0.06771905;0.136886317
0.9433088;2.028195858;0.067703478;0.137315914
0.94431232;2.035348177;0.067676358;0.137744952
0.94531584;2.042323589;0.067711651;0.138289103
0.94631936;2.049328327;0.067715026;0.138770322
0.94732288;2.056287289;0.067678176;0.139165773
0.9483264;2.063313484;0.06771373;0.139714652
0.94932992;2.07040453;0.067666762;0.14009757
0.95033344;2.077389717;0.067646131;0.140527377
0.95133696;2.084345818;0.067627445;0.140958982
0.95234048;2.091325998;0.067628741;0.141433745
0.953344;2.09839797;0.067639515;0.141934621
0.95434752;2.105414152;0.067633025;0.142395529
0.95535104;2.112519979;0.067635752;0.142881878
0.95635456;2.119420528;0.067622639;0.14332081
0.95735808;2.126421213;0.067619398;0.143787323
0.9583616;2.13357091;0.067583717;0.144194653
0.95936512;2.14074111;0.067555435;0.144618697
0.96036864;2.147738695;0.067564122;0.14511008
0.96137216;2.154645205;0.067559838;0.145567482
0.96237568;2.161667347;0.067567885;0.146059291
0.9633792;2.168905497;0.067556083;0.14652276
0.96438272;2.175816774;0.067534022;0.146941658
0.96538624;2.182829142;0.067527018;0.147399944
0.96638976;2.189732552;0.067517154;0.14784451
0.96739328;2.1968472;0.067506775;0.14830207
0.9683968;2.203853607;0.067479268;0.148714428
0.96940032;2.210783482;0.067451373;0.149120381
0.97040384;2.217879534;0.067451894;0.149600176
0.97140736;2.224707127;0.067470185;0.150101402
0.97241088;2.231977463;0.067469925;0.150591351
0.9734144;2.238856554;0.067460969;0.151035433
0.97441792;2.246053934;0.067454875;0.151507286
0.97542144;2.252933025;0.067409076;0.151868133
0.97642496;2.260039806;0.067390129;0.152304374
0.97742848;2.267052174;0.067363918;0.152717516
0.978432;2.274139643;0.067373;0.15321561
0.97943552;2.281032324;0.067385457;0.153708407
0.98043904;2.287978411;0.067364432;0.154128366
0.98144256;2.295103788;0.067385331;0.154656328
0.98244608;2.302200079;0.067357428;0.155070277
0.9834496;2.309344769;0.06732668;0.155480516
0.98445312;2.316360235;0.067293987;0.155877115
0.98545664;2.323312283;0.067296833;0.156351558
0.98646016;2.330317736;0.06726855;0.156757096
0.98746368;2.337355375;0.067311503;0.157330903
0.9884672;2.344313383;0.067286849;0.157741461
0.98947072;2.351289034;0.067261025;0.158150111
0.99047424;2.358359575;0.06724143;0.158579471
0.99147776;2.365652323;0.067246102;0.159080897
0.99248128;2.372465372;0.067204714;0.159440856
0.9934848;2.379518509;0.067214966;0.159939255
0.99448832;2.386363745;0.067184865;0.160327527
0.99549184;2.393487215;0.067191482;0.160821952
0.99649536;2.400586128;0.067198612;0.161316055
0.99749888;2.407631636;0.067171372;0.161723921
0.9985024;2.414711237;0.067169942;0.162196014
0.99950592;2.421480179;0.067169681;0.162650052
1.00050944;2.428568602;0.067118943;0.163002957
1.00151296;2.435775757;0.06711752;0.163483227
1.00251648;2.442574024;0.067095719;0.163886261
1.00352;2.449701309;0.067105323;0.164387998
1.00452352;2.456890821;0.067115575;0.16489564
1.00552704;2.464017153;0.067106232;0.165350907
1.00653056;2.470858097;0.067085601;0.165759001
1.00753408;2.477957249;0.067075484;0.166210181
1.0085376;2.485045671;0.067045636;0.166611469
1.00954112;2.491937399;0.067019425;0.167008212
1.01054464;2.499142408;0.066981278;0.167395753
1.01154816;2.506522655;0.066994131;0.167922306
1.01255168;2.513133287;0.066994771;0.16836679
1.0135552;2.52012825;0.066996597;0.168840016
1.01455872;2.527133942;0.067000099;0.169318223
1.01556224;2.534104347;0.066983879;0.169744138
1.01656576;2.541046858;0.066968694;0.17017059
1.01756928;2.548110723;0.066915758;0.17050876
1.0185728;2.555108547;0.066906936;0.170954485
1.01957632;2.562020779;0.066892661;0.171380388
1.02057984;2.56923151;0.066894345;0.171867059
1.02158336;2.57611084;0.066898629;0.172338284
1.02258688;2.583116531;0.066913418;0.172845157
1.0235904;2.590117216;0.066883579;0.173236309
1.02459392;2.597080946;0.066859573;0.173639723
1.02559744;2.604189634;0.066812858;0.173993352
1.02660096;2.611242056;0.066808186;0.174452346
1.02760448;2.618398666;0.066804558;0.174920966
1.028608;2.625251293;0.066809878;0.175392718
1.02961152;2.632349491;0.066791713;0.175819132
1.03061504;2.639506817;0.066803396;0.176328018
1.03161856;2.646418095;0.06680119;0.176783879
1.03262208;2.653502464;0.066767447;0.177167584
1.0336256;2.660500288;0.066730604;0.17753679
1.03462912;2.667535067;0.066720873;0.177980269
1.03563264;2.674427032;0.066694662;0.178370007
1.03663616;2.681499481;0.066717759;0.178903636
1.03763968;2.688412666;0.066720225;0.179371498
1.0386432;2.695521355;0.066691026;0.179767085
1.03964672;2.702684641;0.066700108;0.180269358
1.04065024;2.709616423;0.066683635;0.180687073
1.04165376;2.716765165;0.06664782;0.181066476
1.04265728;2.723564386;0.066609673;0.181415734
1.0436608;2.730676174;0.066607207;0.181882713
1.04466432;2.737493992;0.066600457;0.18231835
1.04566784;2.744590998;0.066607594;0.182810604
1.04667136;2.751810789;0.066607729;0.183291866
1.04767488;2.758745193;0.06660863;0.183756238
1.0486784;2.765720606;0.066587612;0.184162731
1.04968192;2.772922993;0.06657204;0.184599141
1.05068544;2.779917717;0.066542588;0.18498292
1.05168896;2.786825895;0.066513397;0.185361257
1.05269248;2.793945551;0.066507816;0.185819217
1.053696;2.801007748;0.066502109;0.186272923
1.05469952;2.807959795;0.066510022;0.186757467
1.05570304;2.815011978;0.066473819;0.187124598
1.05670656;2.822034359;0.066486798;0.187628029
1.05771008;2.829039812;0.066476032;0.188063341
1.0587136;2.835976362;0.066447355;0.188443128
1.05971712;2.843074322;0.066398434;0.188775684
1.06072064;2.850152969;0.066386499;0.189211676
1.06172416;2.85717988;0.066380396;0.189660733
1.06272768;2.864198446;0.06637755;0.190118477
1.0637312;2.871142626;0.066388056;0.190609577
1.06473472;2.878156185;0.066391952;0.191086408
1.06573824;2.885124683;0.066364959;0.191471181
1.06674176;2.892220736;0.066327982;0.191835164
1.06774528;2.89923811;0.066297099;0.192211076
1.0687488;2.906121016;0.066292949;0.192655332
1.06975232;2.913180351;0.06630034;0.193144848
1.07075584;2.920196533;0.066289052;0.193577061
1.07175936;2.927384138;0.066279195;0.194024665
1.07276288;2.93446064;0.06628114;0.194499396
1.0737664;2.941561699;0.066261284;0.194911655
1.07476992;2.948706388;0.066246234;0.195340693
1.07577344;2.955674171;0.066216268;0.195713712
1.07677696;2.96259594;0.06618993;0.196094017
1.07778048;2.969664812;0.066181362;0.196536461
1.078784;2.97667551;0.066200048;0.197056061
1.07978752;2.983569145;0.066174746;0.197436929
1.08079104;2.990716696;0.066165015;0.197880815
1.08179456;2.99753952;0.066162549;0.198324855
1.08279808;3.004712582;0.066171244;0.198825569
1.0838016;3.011711359;0.06611558;0.199121045
1.08480512;3.018718719;0.066095464;0.199523614
1.08580864;3.02579546;0.06609261;0.19998272
1.08681216;3.032829523;0.066101432;0.200474374
1.08781568;3.039885521;0.066100657;0.20093843
1.0888192;3.046965837;0.066078208;0.201338044
1.08982272;3.053857803;0.06606368;0.201749084
1.09082624;3.06093049;0.066039152;0.202141255
1.09182976;3.067959547;0.066033959;0.202589516
1.09283328;3.074875832;0.066010997;0.202975618
1.0938368;3.081987381;0.0659879;0.203373875
1.09484032;3.08920598;0.065992706;0.203865061
1.09584384;3.096190214;0.065993093;0.204327169
1.09684736;3.103194952;0.065988161;0.204774127
1.09785088;3.110151052;0.065987125;0.205229926
1.0988544;3.11728096;0.065985307;0.205694741
1.09985792;3.124099731;0.065957665;0.206058325
1.10086144;3.131196022;0.065903559;0.206356963
1.10186496;3.138322115;0.065893181;0.206794026
1.10286848;3.145368576;0.065892532;0.207256301
1.103872;3.152318001;0.065885141;0.207690918
1.10487552;3.159319401;0.06590201;0.208205498
1.10587904;3.166454792;0.065882415;0.208613687
1.10688256;3.173467159;0.06588462;0.209082678
1.10788608;3.18025279;0.065851144;0.209423286
1.1088896;3.187414885;0.065803394;0.209742717
1.10989312;3.194410086;0.065800928;0.210195147
1.11089664;3.201427221;0.06576784;0.210550952
1.11190016;3.208397627;0.065772258;0.211023556
1.11290368;3.215456009;0.065793537;0.211556223
1.1139072;3.222432375;0.065780558;0.211973399
1.11491072;3.229574442;0.065755777;0.212363177
1.11591424;3.236597538;0.065743454;0.212785101
1.11691776;3.243705273;0.065717496;0.213168188
1.11792128;3.250718832;0.065708153;0.21359873
1.1189248;3.257864237;0.065671563;0.213949037
1.11992832;3.264769793;0.06566599;0.214384341
1.12093184;3.271820068;0.065670788;0.214863003
1.12193536;3.278797388;0.065654702;0.215268467
1.12293888;3.285820723;0.06566184;0.215753035
1.1239424;3.292948723;0.065637574;0.216141164
1.12494592;3.299850464;0.065623038;0.216546211
1.12594944;3.306759596;0.065600984;0.216926683
1.12695296;3.313951254;0.065575033;0.217312464
1.12795648;3.320716381;0.065564007;0.217719471
1.12896;3.327787161;0.065575548;0.218221465
1.12996352;3.334857941;0.065580353;0.218701161
1.13096704;3.341915131;0.065582693;0.219171793
1.13197056;3.34898591;0.065558426;0.219554245
1.13297408;3.355886698;0.06553442;0.219926089
1.1339776;3.362827778;0.06551522;0.220316402
1.13498112;3.369977713;0.065475643;0.220651457
1.13598464;3.376988888;0.065463707;0.221070211
1.13698816;3.383859396;0.065457352;0.221498474
1.13799168;3.391014814;0.065474734;0.222025792
1.1389952;3.397907495;0.065475643;0.222480177
1.13999872;3.405022144;0.065426208;0.222777687
1.14100224;3.412111521;0.065426208;0.223241518
1.14200576;3.419133663;0.065409206;0.223642818
1.14300928;3.426305771;0.065373786;0.22399058
1.1440128;3.433255911;0.065348744;0.224358963
1.14501632;3.440229177;0.065358087;0.224846799
1.14601984;3.447285652;0.065361984;0.22532143
1.14702336;3.454399347;0.065364704;0.225795789
1.14802688;3.461243391;0.065358348;0.226221151
1.1490304;3.468412399;0.065307356;0.226512845
1.15003392;3.475341082;0.065304369;0.226954955
1.15103744;3.482394457;0.065274917;0.227313008
1.15204096;3.489582062;0.065250784;0.227697966
1.15304448;3.496388912;0.065253638;0.228152095
1.154048;3.503418922;0.065254159;0.228612656
1.15505152;3.510334969;0.065254159;0.229063957
1.15605504;3.51735425;0.065233268;0.229448512
1.15705856;3.524474859;0.065216921;0.229855399
1.15806208;3.53152585;0.065210305;0.230291878
1.1590656;3.538557053;0.065195508;0.230698026
1.16006912;3.545366764;0.065156847;0.231004921
1.16107264;3.552431107;0.06514971;0.231439855
1.16207616;3.559674025;0.065166831;0.231972676
1.16307968;3.566704035;0.065160349;0.23240768
1.1640832;3.57368803;0.065144777;0.232807111
1.16508672;3.580760002;0.065108836;0.233139115
1.16609024;3.587732315;0.06508898;0.233521837
1.16709376;3.594814062;0.065085866;0.233971585
1.16809728;3.601766109;0.065041102;0.234262839
1.1691008;3.608732939;0.065029815;0.234675235
1.17010432;3.615671158;0.065040193;0.235163952
1.17110784;3.622849226;0.065005682;0.235505786
1.17211136;3.629776001;0.065018013;0.236000824
1.17311488;3.636784554;0.064993225;0.236366357
1.1741184;3.643927097;0.064980768;0.23678518
1.17512192;3.650733471;0.064947814;0.237107158
1.17612544;3.65793848;0.064946905;0.237571782
1.17712896;3.664799213;0.064893447;0.237821453
1.17813248;3.67185998;0.064879566;0.238228683
1.179136;3.678853273;0.064898245;0.238751121
1.18013952;3.685963869;0.064903438;0.239231728
1.18114304;3.692838192;0.064874247;0.239570096
1.18214656;3.699846506;0.064871132;0.240013232
1.18315008;3.706939697;0.0648361;0.240343512
1.1841536;3.713880301;0.06477797;0.240577628
1.18515712;3.721204281;0.064748123;0.240940994
1.18616064;3.72824192;0.064759545;0.241439251
1.18716416;3.735399246;0.064751111;0.241871251
1.18816768;3.742342472;0.064734891;0.242260132
1.1891712;3.749324799;0.064738914;0.242727217
1.19017472;3.756415129;0.064749941;0.243227659
1.19117824;3.763270855;0.064667284;0.243360507
1.19218176;3.770359278;0.064628102;0.243671164
1.19318528;3.777534008;0.064615391;0.244086838
1.1941888;3.784394979;0.064593464;0.244447181
1.19519232;3.791442156;0.064594239;0.244905321
1.19619584;3.798403025;0.064573608;0.245276589
1.19719936;3.805481672;0.064583212;0.24577023
1.19820288;3.812366724;0.064555831;0.246110503
1.1992064;3.819597006;0.064514704;0.24642017
1.20020992;3.82660079;0.064478897;0.246734997
1.20121344;3.83355546;0.064468898;0.247145095
1.20221696;3.840676069;0.064416096;0.247401357
1.20322048;3.847695589;0.064414665;0.247848023
1.204224;3.854711771;0.064414017;0.248297469
1.20522752;3.861669779;0.064409472;0.248728112
1.20623104;3.868706465;0.064359389;0.248987585
1.20723456;3.875785112;0.064350046;0.249406951
1.20823808;3.882860661;0.064341098;0.249827519
1.2092416;3.889841795;0.06428206;0.250047042
1.21024512;3.896900177;0.064260259;0.250415816
1.21124864;3.90393281;0.0642552;0.250847985
1.21225216;3.910865545;0.064235605;0.251216816
1.21325568;3.918022871;0.064247802;0.251724357
1.2142592;3.925071478;0.064235605;0.252129342
1.21526272;3.931971073;0.064204983;0.252452138
1.21626624;3.939185858;0.064148419;0.252692543
1.21726976;3.946073532;0.064125836;0.253045264
1.21827328;3.953022003;0.06409768;0.25337954
1.2192768;3.960050106;0.064073808;0.253735492
1.22028032;3.967014551;0.064053304;0.254100391
1.22128384;3.974231243;0.064061999;0.254597199
1.22228736;3.981037378;0.064043313;0.254958824
1.22329088;3.988108397;0.064001143;0.255243496
1.2242944;3.995029449;0.063979737;0.255600935
1.22529792;4.002122402;0.063919403;0.255813273
1.22630144;4.009155273;0.063877106;0.256093235
1.22730496;4.016334057;0.063843496;0.256416808
1.22830848;4.023285389;0.06383922;0.256843399
1.229312;4.030417442;0.06383805;0.257293989
1.23031552;4.037356853;0.063811712;0.257630653
1.23131904;4.044494152;0.063806519;0.258065093
1.23232256;4.051579475;0.063753709;0.25830322
1.23332608;4.058540344;0.063722178;0.258619032
1.2343296;4.065722942;0.063673787;0.258879976
1.23533312;4.072663307;0.063632652;0.259154368
1.23633664;4.079501629;0.063638359;0.25961279
1.23734016;4.086538315;0.063619547;0.259983715
1.23834368;4.093384266;0.063579321;0.260254592
1.2393472;4.10050106;0.063586071;0.260734752
1.24035072;4.10761261;0.063552469;0.261048923
1.24135424;4.114580154;0.063512892;0.261328883
1.24235776;4.121629715;0.063454501;0.261535958
1.24336128;4.128517151;0.063406236;0.261773735
1.2443648;4.135667324;0.063383013;0.262131056
1.24536832;4.142598629;0.063381843;0.262565537
1.24637184;4.149600506;0.0633507;0.262880096
1.24737536;4.156630516;0.063328259;0.263232173
1.24837888;4.163727283;0.063285567;0.263503841
1.2493824;4.170758247;0.06326104;0.263846502
1.25038592;4.177652359;0.063211605;0.264076111
1.25138944;4.184639931;0.06316866;0.264338096
1.25239296;4.191706181;0.063144654;0.264683837
1.25339648;4.198987007;0.063142963;0.26513648
1.2544;4.205989838;0.063100278;0.26539913
1.25540352;4.212973118;0.063080169;0.265755057
1.25640704;4.220104218;0.063038386;0.26602856
1.25741056;4.227086544;0.063002966;0.266318991
1.25841408;4.234156609;0.062931992;0.26646391
1.2594176;4.241117001;0.062901892;0.266774283
1.26042112;4.248230934;0.062860891;0.267047583
1.26142464;4.255215168;0.062798604;0.267221574
1.26242816;4.262201309;0.062795624;0.267647591
1.26343168;4.269258499;0.062776551;0.268009322
1.2644352;4.27622509;0.062767468;0.268407823
1.26543872;4.283185959;0.06271375;0.268614652
1.26644224;4.290275097;0.062676899;0.26890114
1.26744576;4.297270298;0.062605277;0.269031796
1.26844928;4.304233074;0.062559217;0.269269452
1.2694528;4.311309338;0.062521197;0.26954822
1.27045632;4.31839323;0.062512636;0.269954145
1.27145984;4.325267315;0.062489282;0.27028285
1.27246336;4.332371235;0.062418435;0.270419831
1.27346688;4.339334011;0.062392358;0.27074128
1.2744704;4.346315384;0.062349148;0.270989062
1.27547392;4.353568077;0.062241457;0.270972422
1.27647744;4.360650539;0.062190853;0.271192577
1.27748096;4.367682457;0.062166978;0.271525618
1.27848448;4.374584675;0.062110536;0.271707798
1.279488;4.381469727;0.062093277;0.272059811
1.28049152;4.38872242;0.062060066;0.272364401
1.28149504;4.395543098;0.062006474;0.272552127
1.28249856;4.402601719;0.061951719;0.272748746
1.28350208;4.409720898;0.061878931;0.272868814
1.2845056;4.416694641;0.061810419;0.272997746
1.28550912;4.423578262;0.061754368;0.273175281
1.28651264;4.430771828;0.061732702;0.273523517
1.28751616;4.437767982;0.061697148;0.273797627
1.28851968;4.444579601;0.061643951;0.273981446
1.2895232;4.451738834;0.061568826;0.274088336
1.29052672;4.458756447;0.061537296;0.274379813
1.29153024;4.465923309;0.061474361;0.27453978
1.29253376;4.472826958;0.06137757;0.27453125
1.29353728;4.479708195;0.061316457;0.274679833
1.2945408;4.486869335;0.061267279;0.274898276
1.29554432;4.494008064;0.061227836;0.275158387
1.29654784;4.500934124;0.061175805;0.275348266
1.29755136;4.508087635;0.06114129;0.275630292
1.29855488;4.515259743;0.061072651;0.275758884
1.2995584;4.522258759;0.061014917;0.275925242
1.30056192;4.529399395;0.060937323;0.276009472
1.30156544;4.536214828;0.060851298;0.276034562
1.30256896;4.543171883;0.060798358;0.276217391
1.30357248;4.55039072;0.060741268;0.276396503
1.304576;4.55731678;0.06067704;0.276524494
1.30557952;4.564376831;0.060623974;0.276710661
1.30658304;4.571275234;0.060559224;0.276832882
1.30758656;4.578356743;0.06048942;0.276942143
1.30859008;4.58549118;0.06040936;0.277006586
1.3095936;4.592396259;0.060308807;0.276961938
1.31059712;4.599358082;0.060244448;0.277085791
1.31160064;4.606484413;0.060209159;0.277352552
1.31260416;4.613387585;0.06015959;0.277539506
1.31360768;4.620401382;0.060060464;0.27750345
1.3146112;4.627408504;0.060001165;0.2776499
1.31561472;4.634359837;0.05991488;0.277667111
1.31661824;4.64144516;0.059828982;0.277692938
1.31762176;4.648561001;0.059714541;0.277586686
1.31862528;4.655591488;0.059639804;0.277658564
1.3196288;4.662622452;0.059562474;0.277717331
1.32063232;4.669631481;0.059528608;0.277976661
1.32163584;4.676815033;0.059432596;0.277955258
1.32263936;4.683735847;0.05938277;0.27813321
1.32364288;4.690721035;0.059292331;0.278123786
1.3246464;4.697785854;0.059163097;0.277935562
1.32564992;4.704860687;0.059072401;0.277927419
1.32665344;4.711771011;0.058961984;0.277815366
1.32765696;4.718951702;0.058892824;0.277912391
1.32866048;4.725739479;0.058823146;0.277982863
1.329664;4.732928753;0.058753472;0.278075996
1.33066752;4.739796638;0.058658235;0.278028104
1.33167104;4.746931553;0.058553915;0.277951429
1.33267456;4.75378418;0.058448296;0.277850585
1.33367808;4.76083374;0.05834255;0.27775918
1.3346816;4.767709732;0.058226161;0.277605433
1.33568512;4.774837017;0.058153242;0.277672252
1.33668864;4.781832218;0.058093168;0.277791782
1.33769216;4.788898945;0.057979763;0.277659224
1.33869568;4.795980453;0.057885434;0.277617412
1.3396992;4.803146839;0.05779928;0.277618428
1.34070272;4.809978962;0.057677701;0.277428529
1.34170624;4.817109108;0.057560924;0.277277253
1.34270976;4.824124813;0.057457641;0.277182831
1.34371328;4.831299305;0.057359159;0.277119265
1.3447168;4.838314533;0.057253283;0.277009389
1.34572032;4.845341682;0.05715597;0.276940206
1.34672384;4.852349281;0.057072021;0.27693338
1.34772736;4.859372616;0.056960564;0.276792605
1.34873088;4.866200924;0.056840673;0.276598136
1.3497344;4.873147011;0.056742065;0.276512423
1.35073792;4.880313396;0.056595705;0.276204779
1.35174144;4.887259483;0.056471922;0.275992934
1.35274496;4.894515514;0.056379147;0.275948609
1.35374848;4.901478291;0.056257959;0.275747167
1.354752;4.908416748;0.05617414;0.275726092
1.35575552;4.915530682;0.056039974;0.275466212
1.35675904;4.922415257;0.05592839;0.275302763
1.35776256;4.929504871;0.055769444;0.274915743
1.35876608;4.936430454;0.055638917;0.274657643
1.3597696;4.943529606;0.055494115;0.274336799
1.36077312;4.95046854;0.055378117;0.274147624
1.36177664;4.957377434;0.055258352;0.273936509
1.36278016;4.964442253;0.055130161;0.273690502
1.36378368;4.971356392;0.055011176;0.273480159
1.3647872;4.978500843;0.054865856;0.273149709
1.36579072;4.985626221;0.054715343;0.272790248
1.36679424;4.992792606;0.054563921;0.272426341
1.36779776;4.99980402;0.05442898;0.272134232
1.36880128;5.006855011;0.054279119;0.271767678
1.3698048;5.014016628;0.054158062;0.271549422
1.37080832;5.020941734;0.054035313;0.27130816
1.37181184;5.027809143;0.053910881;0.271053622
1.37281536;5.034787178;0.053759333;0.270666799
1.37381888;5.041865826;0.053593509;0.270211281
1.3748224;5.048951626;0.053418607;0.26970796
1.37582592;5.055936337;0.053249538;0.269226274
1.37682944;5.062889576;0.05308852;0.268781313
1.37783296;5.069941044;0.052959803;0.268503081
1.37883648;5.076987267;0.052811496;0.268123293
1.37984;5.083889008;0.052673575;0.267786607
1.38084352;5.091000557;0.052516051;0.267359243
1.38184704;5.097989559;0.052341927;0.266838597
1.38285056;5.104860783;0.05216793;0.266310018
1.38385408;5.111965656;0.051971357;0.265675794
1.3848576;5.118872166;0.051781014;0.265060389
1.38586112;5.125963688;0.051639322;0.26470129
1.38686464;5.133187294;0.051450014;0.264102559
1.38786816;5.140203476;0.051293146;0.263657207
1.38887168;5.147555351;0.051149119;0.26329292
1.3898752;5.154465675;0.050951768;0.262629138
1.39087872;5.161536217;0.050771412;0.262058479
1.39188224;5.16848278;0.050574712;0.26139453
1.39288576;5.175409317;0.050365031;0.260659649
1.39388928;5.182295322;0.0501935;0.260117539
1.3948928;5.189551353;0.049986415;0.259407066
1.39589632;5.196670532;0.049830582;0.258953117
1.39689984;5.203611851;0.049655806;0.258389542
1.39790336;5.210568905;0.0494617;0.257723596
1.39890688;5.217691422;0.049274471;0.257098983
1.3999104;5.224475861;0.049054019;0.256281539
1.40091392;5.231432915;0.048797112;0.255278818
1.40191744;5.238473892;0.048576403;0.254466221
1.40292096;5.245643616;0.048395142;0.253863667
1.40392448;5.252623081;0.048191171;0.253130058
1.404928;5.259661674;0.047995634;0.252440799
1.40593152;5.266652107;0.047801398;0.251753332
1.40693504;5.273799419;0.047626495;0.251172584
1.40793856;5.280718803;0.047359981;0.25009474
1.40894208;5.287909031;0.04711657;0.249148137
1.4099456;5.294739246;0.046859663;0.248109697
1.41094912;5.301885605;0.046622217;0.24718566
1.41195264;5.309098244;0.046406958;0.246379101
1.41295616;5.316006184;0.046211682;0.245661589
1.41395968;5.322945118;0.045983966;0.24477013
1.4149632;5.330074787;0.045710322;0.243639432
1.41596672;5.336965084;0.045452118;0.242576366
1.41697024;5.344040394;0.045203641;0.241570084
1.41797376;5.351058006;0.044920266;0.240370947
1.41897728;5.3582201;0.044702802;0.239527451
1.4199808;5.365229607;0.044473141;0.238608615
1.42098432;5.372123241;0.044235308;0.237637525
1.42198784;5.37923336;0.0439771;0.236563086
1.42299136;5.386124134;0.043704879;0.235399901
1.42399488;5.393284321;0.043412939;0.234138322
1.4249984;5.40028286;0.043126967;0.23289782
1.42600192;5.407389641;0.042838398;0.231643912
1.42700544;5.414178371;0.042572536;0.230495301
1.42800896;5.421164513;0.042275924;0.22918474
1.42901248;5.428264618;0.042010453;0.228043853
1.430016;5.435189247;0.041740052;0.226865084
1.43101952;5.442344666;0.041448891;0.225579152
1.43202304;5.449344635;0.041160196;0.224296094
1.43302656;5.456280231;0.040836204;0.222813772
1.43403008;5.463537216;0.040528174;0.22142719
1.4350336;5.470481396;0.040198602;0.219905703
1.43603712;5.477781773;0.039906792;0.2186007
1.43704064;5.484688759;0.039602526;0.217207527
1.43804416;5.491612434;0.039281517;0.215718869
1.43904768;5.498601913;0.038958047;0.214214789
1.4400512;5.505618572;0.038622122;0.212638674
1.44105472;5.512772083;0.038283858;0.211050186
1.44205824;5.519789219;0.037929896;0.209365032
1.44306176;5.526778698;0.037592281;0.207764216
1.44406528;5.533779621;0.037242603;0.206092355
1.4450688;5.540791512;0.036916148;0.204544679
1.44607232;5.547813416;0.036591899;0.203005026
1.44707584;5.554677963;0.036244422;0.201326093
1.44807936;5.56172514;0.035867624;0.199485866
1.44908288;5.568660259;0.035505489;0.197718003
1.4500864;5.576007366;0.035102479;0.195731682
1.45108992;5.582993507;0.034722049;0.193852973
1.45209344;5.589890003;0.034344729;0.191983258
1.45309696;5.596893787;0.033953916;0.190036463
1.45410048;5.603906155;0.033569206;0.188118678
1.455104;5.611027241;0.033204213;0.186309742
1.45610752;5.618082523;0.032782651;0.184175641
1.45711104;5.625078678;0.032366149;0.182062135
1.45811456;5.632072449;0.031928886;0.179825798
1.45911808;5.639254093;0.031532362;0.177819002
1.4601216;5.646198273;0.031076549;0.175464355
1.46112512;5.653139591;0.030689497;0.173492008
1.46212864;5.660293102;0.030270141;0.171337868
1.46313216;5.667162895;0.029859737;0.169219991
1.46413568;5.674057484;0.029405996;0.166851313
1.4651392;5.681237698;0.028940447;0.164417557
1.46614272;5.688267231;0.028490987;0.162064346
1.46714624;5.69524765;0.028030239;0.159639153
1.46814976;5.702034473;0.027531216;0.156983942
1.46915328;5.70929575;0.027091747;0.154674797
1.4701568;5.716249943;0.026633723;0.152245016
1.47116032;5.72334528;0.02611251;0.14945091
1.47216384;5.730261326;0.025630483;0.146869368
1.47316736;5.737439632;0.025159614;0.144351767
1.47417088;5.744481087;0.024651637;0.141610864
1.4751744;5.751385212;0.024125883;0.138757249
1.47617792;5.75863409;0.023615312;0.13599194
1.47718144;5.765514374;0.023094099;0.13314936
1.47818496;5.772598743;0.02256497;0.130258517
1.47918848;5.779738426;0.022047782;0.127430415
1.480192;5.786781788;0.021542398;0.124661158
1.48119552;5.793831348;0.020965133;0.121468444
1.48219904;5.800705433;0.020420955;0.118455947
1.48320256;5.807723522;0.019828381;0.115157755
1.48420608;5.814721584;0.019240865;0.111880276
1.4852096;5.821848869;0.018672682;0.108709535
1.48621312;5.828849792;0.018144595;0.105762116
1.48721664;5.835880756;0.017563177;0.102496608
1.48822016;5.842868805;0.016979424;0.099208548
1.48922368;5.849780083;0.016357914;0.095690197
1.4902272;5.856717587;0.015766377;0.092339215
1.49123072;5.86382246;0.015136044;0.088755072
1.49223424;5.870929718;0.014482485;0.085025652
1.49323776;5.878002644;0.013852671;0.081426036
1.49424128;5.884952068;0.013197554;0.077666974
1.4952448;5.891935825;0.012566832;0.074042967
1.49624832;5.898991108;0.011918074;0.070304615
1.49725184;5.906144142;0.011254914;0.066473145
1.49825536;5.913192272;0.010577091;0.062544373
1.49925888;5.920068741;0.00984672;0.058293259
1.5002624;5.927185059;0.009153327;0.054253463
1.50126592;5.934216022;0.008422436;0.049980556
1.50226944;5.941239834;0.007719831;0.045865368
1.50327296;5.948317528;0.007018005;0.041745319
1.50427648;5.955195904;0.006325391;0.037668941
1.50528;5.962356091;0.005580876;0.03327517
1.50628352;5.969429016;0.004824684;0.028800606
1.50728704;5.976577282;0.004068492;0.024315654
1.50829056;5.983358383;0.003273892;0.019588872
1.50929408;5.99041748;0.002500703;0.014980253
1.5102976;5.997368813;0.001700265;0.010197117
1.51130112;6.004321098;0.000937585;0.005629563
1.51230464;6.011367321;0.000129233;0.000776865
