Time;Active Instrument A Channel 4 Voltage Avg;Active Instrument A Channel 4 Current Avg;Active Instrument A Channel 4 Power Avg;
0;0.00095854;0.024385516;2.34E-05;
0.00100352;0.001011089;0.024380716;2.47E-05;
0.00200704;0.000889447;0.024400568;2.17E-05;
0.00301056;0.000994546;0.02438915;2.43E-05;
0.78374912;0.000922534;0.024380716;2.25E-05;
0.78475264;0.001666011;0.024393171;4.06E-05;
0.78575616;0.006968635;0.024372282;0.000169842;
0.78675968;0.014266189;0.024347112;0.000347341;
0.7877632;0.021349654;0.024382012;0.000520548;
0.78876672;0.028398085;0.024366831;0.000691971;
0.78977024;0.035410512;0.024360863;0.000862631;
0.79077376;0.042337302;0.024343608;0.001030643;
0.79177728;0.04941006;0.024344254;0.001202851;
0.7927808;0.056390375;0.024342958;0.001372709;
0.79378432;0.063350253;0.024341661;0.00154205;
0.79478784;0.070394792;0.024352688;0.001714302;
0.79579136;0.077353694;0.024344515;0.001883138;
0.79679488;0.084606484;0.024348278;0.002060022;
0.7977984;0.091640316;0.024333226;0.002229904;
0.79880192;0.098597273;0.024339972;0.002399855;
0.79980544;0.105684631;0.024308054;0.002568988;
0.80080896;0.112793393;0.024315061;0.002742578;
0.80181248;0.119760089;0.024325959;0.002913279;
0.802816;0.126731634;0.024314413;0.003081405;
0.80381952;0.133677885;0.024320252;0.00325108;
0.80482304;0.140697122;0.024335822;0.00342398;
0.80582656;0.147787407;0.024321288;0.00359438;
0.80683008;0.154776469;0.024303904;0.003761672;
0.8078336;0.161793768;0.024279639;0.003928294;
0.80883712;0.168845117;0.024288202;0.004100944;
0.80984064;0.175860465;0.024296507;0.004272795;
0.81084416;0.182839796;0.024296118;0.004442297;
0.81184768;0.189870715;0.024304811;0.004614772;
0.8128512;0.196950287;0.024330761;0.00479195;
0.81385472;0.2038946;0.024281327;0.004950831;
0.81485824;0.210832089;0.024267182;0.005116301;
0.81586176;0.217941836;0.024283662;0.005292426;
0.81686528;0.22481218;0.024254078;0.005452612;
0.8178688;0.231883958;0.024278341;0.005629758;
0.81887232;0.239065722;0.02428937;0.005806756;
0.81987584;0.246093705;0.024260435;0.00597034;
0.82087936;0.253219008;0.024273541;0.006146522;
0.82188288;0.260133147;0.024232671;0.006303721;
0.8228864;0.267274052;0.024235394;0.006477492;
0.82388992;0.274133682;0.024232671;0.006642991;
0.82489344;0.281129569;0.024239026;0.006814307;
0.82589696;0.288302571;0.024252262;0.006991989;
0.82690048;0.29520306;0.024278471;0.007167079;
0.827904;0.302220374;0.024234615;0.007324194;
0.82890752;0.309177309;0.024233578;0.007492472;
0.82991104;0.316319168;0.024235005;0.007665996;
0.83091456;0.323278069;0.024254467;0.007840937;
0.83191808;0.330318719;0.024219174;0.008000047;
0.8329216;0.337259144;0.024227221;0.008170852;
0.83392512;0.344283253;0.024225663;0.00834049;
0.83492864;0.351391047;0.024215152;0.008508988;
0.83593216;0.35847643;0.024227999;0.008685167;
0.83693568;0.365447998;0.024227221;0.008853789;
0.8379392;0.372461408;0.024215022;0.009019161;
0.83894272;0.379424185;0.024234356;0.009195101;
0.83994624;0.386567026;0.024237081;0.009369256;
0.84094976;0.393491864;0.024209961;0.009526423;
0.84195328;0.40056169;0.024201918;0.009694361;
0.8429568;0.407616943;0.024204772;0.009866275;
0.84396032;0.4147695;0.024219953;0.010045698;
0.84496384;0.421588272;0.024208015;0.010205815;
0.84596736;0.428639621;0.024234356;0.010387805;
0.84697088;0.435709476;0.024213208;0.010549924;
0.8479744;0.442640156;0.024177654;0.010702;
0.84897792;0.449799508;0.024168443;0.010870954;
0.84998144;0.456771076;0.024174411;0.011042172;
0.85098496;0.463802963;0.024194911;0.011221671;
0.85198848;0.470763803;0.02418972;0.011387645;
0.852992;0.477875501;0.024179082;0.011554591;
0.85399552;0.48489669;0.024185181;0.011727314;
0.85499904;0.491891593;0.024170646;0.011889338;
0.85600256;0.498888433;0.024161564;0.012053925;
0.85700608;0.506036162;0.024137303;0.012214348;
0.8580096;0.512948334;0.024155987;0.012390774;
0.85901312;0.519810915;0.024149626;0.012553239;
0.86001664;0.526924551;0.024162473;0.0127318;
0.86102016;0.533988535;0.024155337;0.012898673;
0.86202368;0.540901661;0.024149237;0.013062363;
0.8630272;0.548063993;0.024149109;0.013235257;
0.86403072;0.555123091;0.024139768;0.013400542;
0.86503424;0.562261105;0.02411693;0.013560011;
0.86603776;0.569292009;0.024136135;0.013740509;
0.86704128;0.576198339;0.024131464;0.013904509;
0.8680448;0.583390772;0.024143659;0.014085188;
0.86904832;0.590300083;0.024128349;0.014242967;
0.87005184;0.597234666;0.02411784;0.01440401;
0.87105536;0.604444623;0.024135357;0.014588487;
0.87205888;0.611373365;0.024122769;0.014748018;
0.8730624;0.618357539;0.024104863;0.014905424;
0.87406592;0.625349522;0.024094874;0.015067718;
0.87506944;0.632486522;0.024104994;0.015246084;
0.87607296;0.639377296;0.024099156;0.015408453;
0.87707648;0.646343052;0.024110312;0.015583532;
0.87808;0.653427422;0.024104215;0.015750355;
0.87908352;0.660398066;0.024100712;0.015916063;
0.88008704;0.667544782;0.024081249;0.016075312;
0.88109056;0.67454654;0.024100322;0.016256789;
0.88209408;0.681537569;0.024098506;0.016424037;
0.8830976;0.688512981;0.024093317;0.016588561;
0.88410112;0.695628583;0.02408099;0.016751425;
0.88510464;0.70262444;0.02409111;0.016927002;
0.88610816;0.709640741;0.024072943;0.017083141;
0.88711168;0.716739714;0.024073854;0.017254687;
0.8881152;0.723729789;0.024063991;0.017415827;
0.88911872;0.730898976;0.024071647;0.017593942;
0.89012224;0.737759471;0.02404907;0.017742429;
0.89112576;0.744938374;0.024032332;0.017902606;
0.89212928;0.751932263;0.024055038;0.018087759;
0.8931328;0.75880754;0.024061527;0.018258068;
0.89413632;0.765943587;0.024045827;0.018417747;
0.89513984;0.772856712;0.024057116;0.018592704;
0.89614336;0.77994895;0.024053613;0.01876059;
0.89714688;0.786880553;0.024045048;0.018920581;
0.8981504;0.794010699;0.024029607;0.019079765;
0.89915392;0.800993919;0.024024807;0.019243724;
0.90015744;0.807926595;0.024033371;0.0194172;
0.90116096;0.814959466;0.02402818;0.019581993;
0.90216448;0.822146058;0.02402273;0.019750193;
0.903168;0.82894057;0.024044789;0.019931701;
0.90417152;0.836031795;0.024016112;0.020078233;
0.90517504;0.843183398;0.024003917;0.020239705;
0.90617856;0.850128651;0.0240034;0.020405978;
0.90718208;0.857155621;0.023989514;0.020562746;
0.9081856;0.864053249;0.023990033;0.020728666;
0.90918912;0.871166945;0.024005733;0.020913001;
0.91019264;0.878495574;0.024001064;0.021084828;
0.91119616;0.885373712;0.023992758;0.021242557;
0.91219968;0.892340362;0.02399626;0.021412831;
0.9132032;0.899446309;0.02400716;0.021593152;
0.91420672;0.906407118;0.023992758;0.021747207;
0.91521024;0.913423419;0.023982769;0.021906423;
0.91621376;0.920505941;0.023962917;0.022058007;
0.91721728;0.927575707;0.023947475;0.022213097;
0.9182208;0.934556067;0.02396097;0.02239287;
0.91922432;0.941633701;0.023954742;0.022556592;
0.92022784;0.948588729;0.023972776;0.022740305;
0.92123136;0.955627441;0.023949292;0.0228866;
0.92223488;0.962564886;0.023952406;0.023055745;
0.9232384;0.969602644;0.023949681;0.023221674;
0.92424192;0.97645545;0.023948513;0.023384656;
0.92524544;0.983598292;0.0239345;0.023541934;
0.92624896;0.990660369;0.023921523;0.023698105;
0.92725248;0.99765718;0.023948254;0.023892148;
0.928256;1.004602432;0.02391828;0.024028363;
0.92925952;1.011669397;0.02393424;0.024213538;
0.93026304;1.018754721;0.023933461;0.024382326;
0.93126656;1.025697231;0.023931127;0.024546091;
0.93227008;1.032850742;0.023896871;0.024681901;
0.9332736;1.039953589;0.023898946;0.024853795;
0.93427712;1.046881437;0.023911014;0.025031997;
0.93528064;1.053998947;0.023904657;0.025195483;
0.93628416;1.060980201;0.023901025;0.025358514;
0.93728768;1.068113327;0.023903361;0.025531498;
0.9382912;1.075027466;0.023893887;0.025686585;
0.93929472;1.082054496;0.023891034;0.0258514;
0.94029824;1.089039683;0.023890125;0.026017294;
0.94130176;1.096182466;0.023887791;0.026185377;
0.94230528;1.103018761;0.023876112;0.026335799;
0.9433088;1.11014998;0.023877669;0.026507794;
0.94431232;1.117214918;0.023895444;0.026696347;
0.94531584;1.124014139;0.02389246;0.026855463;
0.94631936;1.131067514;0.023853665;0.026980106;
0.94732288;1.138295889;0.023862099;0.02716213;
0.9483264;1.145213962;0.023861839;0.027326911;
0.94932992;1.152269125;0.023853924;0.02748614;
0.95033344;1.159343958;0.023839522;0.027638206;
0.95133696;1.166235685;0.023857167;0.027823079;
0.95234048;1.173287034;0.023859764;0.027994351;
0.953344;1.180290699;0.023841858;0.028140323;
0.95434752;1.187498808;0.023836149;0.028305398;
0.95535104;1.194550991;0.023833683;0.028470549;
0.95635456;1.201560497;0.023844711;0.028650863;
0.95735808;1.208623648;0.023828102;0.028799208;
0.9583616;1.215647697;0.023813054;0.028948284;
0.95936512;1.222540379;0.02382512;0.029127171;
0.96036864;1.229591727;0.0238089;0.029275227;
0.96137216;1.23669076;0.023820059;0.029458047;
0.96237568;1.243757725;0.023808772;0.029612344;
0.9633792;1.250750661;0.023810197;0.029780619;
0.96438272;1.257698894;0.023803061;0.029937083;
0.96538624;1.264770627;0.023781912;0.030078664;
0.96638976;1.271711111;0.023778798;0.030239762;
0.96739328;1.278879166;0.023779836;0.030411536;
0.9683968;1.285901308;0.023779187;0.030577688;
0.96940032;1.293022752;0.023784377;0.03075374;
0.97040384;1.299720883;0.023762709;0.030884889;
0.97140736;1.306932688;0.023767378;0.031062363;
0.97241088;1.313848853;0.023761282;0.031218733;
0.9734144;1.320856571;0.023743376;0.031361594;
0.97441792;1.328040123;0.023737926;0.031524918;
0.97542144;1.33496201;0.023745323;0.031699104;
0.97642496;1.342045546;0.023755183;0.031880538;
0.97742848;1.348997593;0.023750251;0.032039032;
0.978432;1.356109262;0.023762189;0.032224124;
0.97943552;1.363152981;0.02374104;0.03236267;
0.98043904;1.370218873;0.023751291;0.032544467;
0.98144256;1.377281785;0.023730399;0.032683446;
0.98244608;1.384286523;0.023708472;0.032819318;
0.9834496;1.391356349;0.023712365;0.03299235;
0.98445312;1.39819169;0.023711197;0.033152799;
0.98545664;1.405313015;0.023723913;0.033339524;
0.98646016;1.412269115;0.023714051;0.033490621;
0.98746368;1.41936028;0.023697056;0.03363466;
0.9884672;1.426356077;0.023691084;0.033791922;
0.98947072;1.433392882;0.023657352;0.03391028;
0.99047424;1.440390706;0.023676682;0.034103673;
0.99147776;1.44733417;0.02368395;0.034278591;
0.99248128;1.454310536;0.023667471;0.034419853;
0.9934848;1.461328745;0.023681225;0.034606055;
0.99448832;1.468395591;0.023690566;0.034787123;
0.99549184;1.475658178;0.023657609;0.034910544;
0.99649536;1.482586861;0.023667082;0.035088505;
0.99749888;1.489493251;0.023647878;0.035223355;
0.9985024;1.496641994;0.023642818;0.035384834;
0.99950592;1.503615379;0.023631917;0.035533314;
1.00050944;1.510777712;0.023651123;0.03573159;
1.00151296;1.517798901;0.023642948;0.03588524;
1.00251648;1.524744153;0.023638535;0.036042718;
1.00352;1.531701207;0.023644764;0.036216714;
1.00452352;1.538818717;0.023621408;0.036349065;
1.00552704;1.545747399;0.023615701;0.036503909;
1.00653056;1.552809477;0.023617387;0.036673302;
1.00753408;1.559931874;0.023609731;0.036829572;
1.0085376;1.566862583;0.02359481;0.036969824;
1.00954112;1.573879957;0.023606488;0.037153779;
1.01054464;1.580941916;0.023603892;0.037316382;
1.01154816;1.587965965;0.023592863;0.037464664;
1.01255168;1.595040798;0.023579629;0.03761047;
1.0135552;1.601941109;0.023588063;0.037786688;
1.01455872;1.608948827;0.023567302;0.037918583;
1.01556224;1.615839601;0.023555495;0.038061901;
1.01656576;1.62311089;0.023556923;0.038235499;
1.01756928;1.629988074;0.023554588;0.038393697;
1.0185728;1.637105465;0.023574568;0.038594055;
1.01957632;1.643995285;0.023546802;0.038710831;
1.02057984;1.650920153;0.023537328;0.03885825;
1.02158336;1.658130288;0.023561073;0.03906733;
1.02258688;1.665266275;0.023538757;0.039198298;
1.0235904;1.672342896;0.023517998;0.039330157;
1.02459392;1.679464221;0.023519034;0.039499375;
1.02559744;1.686356068;0.023502039;0.039632806;
1.02660096;1.693421006;0.023515401;0.039821475;
1.02760448;1.700410008;0.023530843;0.04001208;
1.028608;1.707409859;0.02350606;0.040134479;
1.02961152;1.714380383;0.023503853;0.040294545;
1.03061504;1.721454263;0.023487248;0.040432222;
1.03161856;1.728435397;0.023472195;0.040570174;
1.03262208;1.735424399;0.023472713;0.040735119;
1.0336256;1.74253726;0.023463503;0.040886027;
1.03462912;1.749537826;0.023467785;0.041057777;
1.03563264;1.756636977;0.023494381;0.041271099;
1.03663616;1.763363242;0.023453122;0.041356373;
1.03763968;1.770547032;0.023468303;0.041551733;
1.0386432;1.777653694;0.023458831;0.041701678;
1.03964672;1.784470558;0.02347479;0.041890072;
1.04065024;1.791511178;0.023435345;0.041984682;
1.04165376;1.798552871;0.023422759;0.04212707;
1.04265728;1.805470943;0.023433398;0.04230832;
1.0436608;1.812606931;0.023431584;0.042472252;
1.04466432;1.8196944;0.023420034;0.042617305;
1.04566784;1.826840043;0.023415104;0.042775649;
1.04667136;1.83368516;0.023403814;0.042915227;
1.04767488;1.840811253;0.023402389;0.043079381;
1.0486784;1.847836375;0.023400702;0.043240668;
1.04968192;1.854878902;0.023408486;0.043419906;
1.05068544;1.86192739;0.023378385;0.043528856;
1.05168896;1.868859172;0.023377087;0.043688483;
1.05269248;1.876145959;0.023388376;0.043880008;
1.053696;1.882983208;0.023380201;0.044024526;
1.05469952;1.889938235;0.023382666;0.044191794;
1.05570304;1.896945834;0.023390323;0.044370176;
1.05670656;1.903973818;0.023366189;0.044488611;
1.05771008;1.910881162;0.023339199;0.044598436;
1.0587136;1.91809392;0.023337124;0.044762795;
1.05971712;1.924992561;0.023353344;0.044955013;
1.06072064;1.93196702;0.023346854;0.045105353;
1.06172416;1.939042687;0.023347633;0.045272057;
1.06272768;1.946182609;0.023353083;0.045449364;
1.0637312;1.953038454;0.023354769;0.045612761;
1.06473472;1.960042;0.023322592;0.045713259;
1.06573824;1.967098355;0.023297159;0.045827803;
1.06674176;1.974131107;0.023310136;0.046017265;
1.06774528;1.981272936;0.023306502;0.046176542;
1.0687488;1.988280654;0.023316622;0.046359988;
1.06975232;1.995238423;0.023328042;0.046545005;
1.07075584;2.002351046;0.023289373;0.046633501;
1.07175936;2.009406328;0.023285612;0.046790257;
1.07276288;2.01636529;0.023279125;0.046939219;
1.0737664;2.023395061;0.023287559;0.047119932;
1.07476992;2.030292749;0.023259791;0.047224184;
1.07577344;2.037431717;0.023268096;0.047407157;
1.07677696;2.044475317;0.023285741;0.047607123;
1.07778048;2.051410913;0.023278346;0.047753454;
1.078784;2.058437824;0.023254341;0.047867614;
1.07978752;2.065521479;0.023248892;0.048021086;
1.08079104;2.072591305;0.023220086;0.048125749;
1.08179456;2.079511166;0.023228003;0.048302891;
1.08279808;2.08642745;0.023203868;0.048413188;
1.0838016;2.093497038;0.023225019;0.048621508;
1.08480512;2.100455046;0.023210745;0.048753127;
1.08580864;2.107614279;0.02321944;0.048937624;
1.08681216;2.114547968;0.023212044;0.04908298;
1.08781568;2.121667624;0.023216844;0.049258425;
1.0888192;2.128534794;0.023209188;0.049401564;
1.08982272;2.135727406;0.023192061;0.049531921;
1.09082624;2.14279151;0.023195306;0.049702704;
1.09182976;2.149870872;0.02318285;0.049840135;
1.09283328;2.156859159;0.023180125;0.049996266;
1.0938368;2.163888931;0.023165852;0.05012833;
1.09484032;2.170978308;0.023177918;0.050318757;
1.09584384;2.17796731;0.02315638;0.050433839;
1.09684736;2.184895992;0.023136657;0.050551189;
1.09785088;2.192063332;0.023160791;0.050769921;
1.0988544;2.198874235;0.023141328;0.05088487;
1.09985792;2.206050158;0.02311369;0.05098996;
1.10086144;2.21316576;0.023125887;0.051181421;
1.10186496;2.219997168;0.023131726;0.051352367;
1.10286848;2.226923943;0.02313043;0.051509708;
1.103872;2.234011173;0.023134971;0.051683784;
1.10487552;2.241051912;0.023119919;0.051812939;
1.10587904;2.248000145;0.023126408;0.05198817;
1.10688256;2.25514102;0.023109021;0.0521141;
1.10788608;2.262178659;0.023086961;0.052226831;
1.1088896;2.269251347;0.023089686;0.052396302;
1.10989312;2.276154995;0.023086183;0.05254773;
1.11089664;2.283196688;0.023094228;0.052728664;
1.11190016;2.290228367;0.023077101;0.05285183;
1.11290368;2.297299385;0.023086572;0.053036768;
1.1139072;2.304490805;0.023054654;0.053129238;
1.11491072;2.311527491;0.023062959;0.053310664;
1.11591424;2.318473577;0.023052838;0.053447395;
1.11691776;2.325505733;0.023044921;0.053591097;
1.11792128;2.332422733;0.023063866;0.053794686;
1.1189248;2.339545965;0.023085926;0.054010584;
1.11992832;2.346530199;0.023047518;0.054081697;
1.12093184;2.353585482;0.023047647;0.054244606;
1.12193536;2.360616446;0.023031818;0.054369288;
1.12293888;2.367708683;0.023024291;0.054514813;
1.1239424;2.374650955;0.023001326;0.054620121;
1.12494592;2.381711006;0.023005478;0.0547924;
1.12594944;2.388794661;0.022998732;0.054939247;
1.12695296;2.395669699;0.02300496;0.055112286;
1.12795648;2.402799845;0.022996007;0.055254801;
1.12896;2.409780264;0.023003142;0.055432518;
1.12996352;2.416689396;0.023001585;0.055587687;
1.13096704;2.423769951;0.022973299;0.055681992;
1.13197056;2.430728912;0.022977192;0.055851325;
1.13297408;2.437874794;0.022979917;0.05602216;
1.1339776;2.444855928;0.022971742;0.056162599;
1.13498112;2.451942444;0.022951633;0.056276082;
1.13598464;2.459168911;0.022969149;0.056485017;
1.13698816;2.466228008;0.022953968;0.05660972;
1.13799168;2.473101139;0.022940733;0.056734752;
1.1389952;2.480134249;0.022955654;0.056933104;
1.13999872;2.487118483;0.022922307;0.057010494;
1.14100224;2.494012117;0.022931781;0.057192139;
1.14200576;2.501500368;0.022914782;0.057321336;
1.14300928;2.508514643;0.02291595;0.057484996;
1.1440128;2.515324831;0.022914004;0.057636162;
1.14501632;2.522274971;0.022918545;0.057806872;
1.14601984;2.529215336;0.022882475;0.057874706;
1.14702336;2.536238432;0.022908036;0.05810024;
1.14802688;2.543160439;0.022918545;0.058285536;
1.1490304;2.550241947;0.022884939;0.058362131;
1.15003392;2.557323456;0.022880528;0.058512911;
1.15103744;2.564409733;0.022883641;0.058683031;
1.15204096;2.571235418;0.022879099;0.058827551;
1.15304448;2.578267336;0.022867292;0.058957992;
1.154048;2.585175514;0.022866644;0.059114288;
1.15505152;2.592183113;0.022855876;0.059246616;
1.15605504;2.599345446;0.022849776;0.059394461;
1.15705856;2.606399775;0.022836152;0.059520143;
1.15806208;2.613364458;0.022829276;0.059661217;
1.1590656;2.620606422;0.022834595;0.059840487;
1.16006912;2.627416611;0.022848869;0.060033497;
1.16107264;2.634633303;0.022845883;0.060190524;
1.16207616;2.641688347;0.022828886;0.060306803;
1.16307968;2.648624897;0.022826551;0.06045897;
1.1640832;2.655720234;0.022798913;0.060547534;
1.16508672;2.662763834;0.022808904;0.060734724;
1.16609024;2.669678926;0.022797745;0.060862659;
1.16709376;2.67675066;0.022818765;0.061080143;
1.16809728;2.683698893;0.022809424;0.061213625;
1.1691008;2.690585613;0.022815393;0.061386769;
1.17010432;2.697752953;0.022785939;0.061470835;
1.17110784;2.704809904;0.022792295;0.061648824;
1.17211136;2.711726189;0.022773093;0.061754392;
1.17311488;2.718767643;0.022769719;0.061905576;
1.1741184;2.725804567;0.022765048;0.062053071;
1.17512192;2.732801437;0.022763101;0.062207036;
1.17612544;2.739865303;0.022754408;0.062344014;
1.17712896;2.746784449;0.02276946;0.0625428;
1.17813248;2.754012823;0.022763101;0.062689873;
1.179136;2.761027336;0.022756744;0.062831993;
1.18013952;2.768040657;0.022763491;0.063010268;
1.18114304;2.775075436;0.022734428;0.063089752;
1.18214656;2.782135725;0.022718079;0.06320478;
1.18315008;2.789007902;0.022713667;0.063348596;
1.1841536;2.796205282;0.022710424;0.063503007;
1.18515712;2.803277969;0.022701081;0.06363744;
1.18616064;2.810235739;0.022702377;0.063799032;
1.18716416;2.817247391;0.022687718;0.063916915;
1.18816768;2.824044704;0.022686161;0.064066733;
1.1891712;2.83117485;0.022685383;0.064226284;
1.19017472;2.838317871;0.022670459;0.064345969;
1.19117824;2.845225096;0.022661116;0.064475976;
1.19218176;2.852421284;0.022639578;0.064577615;
1.19318528;2.859421968;0.022653721;0.064776548;
1.1941888;2.866291523;0.02263945;0.064891263;
1.19519232;2.873296022;0.022635037;0.065037162;
1.19619584;2.880231619;0.022636853;0.06519938;
1.19719936;2.887207031;0.022623491;0.065318701;
1.19820288;2.894346952;0.022595853;0.065400237;
1.1992064;2.901380062;0.022578595;0.065509086;
1.20020992;2.90823555;0.022595074;0.065711798;
1.20121344;2.915389061;0.022585472;0.065845438;
1.20221696;2.922481298;0.022599226;0.066045815;
1.20322048;2.929582357;0.022595074;0.06619413;
1.204224;2.936759233;0.02258184;0.066317427;
1.20522752;2.943691015;0.022549789;0.066379612;
1.20623104;2.950784206;0.02256017;0.066570193;
1.20723456;2.957760572;0.022554072;0.066709544;
1.20823808;2.964656353;0.022527734;0.066786989;
1.2092416;2.971723318;0.022547714;0.067005569;
1.21024512;2.978748322;0.022538373;0.067136141;
1.21124864;2.985804319;0.022520727;0.067242483;
1.21225216;2.992758512;0.022509439;0.067365315;
1.21325568;2.999813795;0.022495816;0.067483258;
1.2142592;3.006662846;0.022491144;0.067623287;
1.21526272;3.014059544;0.022475831;0.067743494;
1.21626624;3.020866632;0.02247142;0.067883164;
1.21726976;3.027852535;0.022465453;0.068022077;
1.21827328;3.034986734;0.022465453;0.06818235;
1.2192768;3.041895866;0.022452608;0.068298495;
1.22028032;3.049094439;0.022448454;0.068447456;
1.22128384;3.055997849;0.022451051;0.068610362;
1.22228736;3.062984943;0.022439241;0.068731059;
1.22329088;3.069943905;0.022408621;0.068793211;
1.2242944;3.077007771;0.022397202;0.068916363;
1.22529792;3.084136009;0.022385007;0.069038405;
1.22630144;3.091260433;0.022378517;0.069177825;
1.22730496;3.098293304;0.022376703;0.069329589;
1.22830848;3.105238676;0.022365933;0.069451561;
1.229312;3.112277269;0.022392273;0.069690962;
1.23031552;3.119369507;0.022369435;0.069778534;
1.23131904;3.126118183;0.022343617;0.069848787;
1.23232256;3.133230686;0.022325322;0.069950384;
1.23332608;3.14050293;0.022316368;0.07008462;
1.2343296;3.147544622;0.022308972;0.070218484;
1.23533312;3.154505491;0.022299888;0.070345118;
1.23633664;3.161558867;0.022307545;0.070526617;
1.23734016;3.168412447;0.022276664;0.07058166;
1.23834368;3.175497055;0.022271214;0.070722175;
1.2393472;3.182595968;0.022246432;0.070801403;
1.24035072;3.189663887;0.02222684;0.07089615;
1.24135424;3.196703434;0.022230862;0.071065472;
1.24235776;3.203570843;0.022201149;0.071122953;
1.24336128;3.210738182;0.022228137;0.071368727;
1.2443648;3.217667818;0.022192974;0.071409617;
1.24536832;3.224805832;0.022186225;0.071546269;
1.24637184;3.231839895;0.02217922;0.071679688;
1.24737536;3.238907814;0.022165205;0.071791057;
1.24837888;3.246066093;0.022146264;0.071888237;
1.2493824;3.253028631;0.022123037;0.071966872;
1.25038592;3.260040283;0.022122778;0.072121147;
1.25138944;3.266950607;0.022138089;0.072324043;
1.25239296;3.274067163;0.022123037;0.072432309;
1.25339648;3.281091213;0.022098126;0.072505967;
1.2544;3.288060665;0.022089433;0.072631396;
1.25540352;3.29511404;0.022061665;0.072695701;
1.25640704;3.302016497;0.022066077;0.072862551;
1.25741056;3.309103727;0.022054918;0.072982012;
1.25841408;3.316162109;0.022044538;0.07310326;
1.2594176;3.323082209;0.022039607;0.073239426;
1.26042112;3.330297947;0.021994194;0.073247219;
1.26142464;3.33717227;0.022007039;0.07344128;
1.26242816;3.344328642;0.022005484;0.073593569;
1.26343168;3.351151228;0.021977456;0.07364978;
1.2644352;3.358174324;0.021976028;0.073799332;
1.26543872;3.36530447;0.021939049;0.073831578;
1.26644224;3.372245073;0.021943074;0.073997422;
1.26744576;3.379339218;0.021924647;0.074090818;
1.26844928;3.386205673;0.021897659;0.074149976;
1.2694528;3.393307447;0.021888707;0.074275112;
1.27045632;3.400297403;0.021888446;0.074427226;
1.27145984;3.407340288;0.021885332;0.074570772;
1.27246336;3.41445756;0.021851467;0.074610907;
1.27346688;3.421509981;0.021842903;0.074735709;
1.2744704;3.428578854;0.021823961;0.074825172;
1.27547392;3.435591459;0.02179243;0.074869888;
1.27647744;3.442560911;0.021794118;0.075027579;
1.27748096;3.449577093;0.02176116;0.0750668;
1.27848448;3.456693649;0.021745589;0.075167838;
1.279488;3.463708878;0.021749482;0.075333872;
1.28049152;3.470691204;0.021728333;0.075412335;
1.28149504;3.477724314;0.021689018;0.075428426;
1.28249856;3.484761238;0.021675134;0.075532667;
1.28350208;3.491627693;0.021665273;0.075647068;
1.2845056;3.49862051;0.02164088;0.075713227;
1.28550912;3.505684376;0.021648536;0.075892933;
1.28651264;3.512738705;0.021625569;0.075964974;
1.28751616;3.519549608;0.021610649;0.076059752;
1.28851968;3.526814938;0.021592354;0.076152238;
1.2895232;3.533786774;0.021570295;0.076224824;
1.29052672;3.540758133;0.021540713;0.076270453;
1.29153024;3.54785037;0.021512296;0.076322408;
1.29253376;3.554832697;0.021496337;0.076415881;
1.29353728;3.561987162;0.021504901;0.076600183;
1.2945408;3.56896472;0.021485828;0.076682162;
1.29554432;3.575962305;0.021414593;0.076577777;
1.29654784;3.58311224;0.021412387;0.076722988;
1.29755136;3.590077877;0.021409795;0.07686283;
1.29855488;3.597095013;0.02136334;0.076845965;
1.2995584;3.604020834;0.021360617;0.076984109;
1.30056192;3.611176491;0.021331033;0.077030124;
1.30156544;3.618111849;0.021339986;0.077210458;
1.30256896;3.625315189;0.021281857;0.07715344;
1.30357248;3.632344246;0.021278745;0.077291725;
1.304576;3.639227152;0.021240987;0.077300776;
1.30557952;3.646274567;0.02121841;0.077368148;
1.30658304;3.653231621;0.021209195;0.077482103;
1.30758656;3.660309076;0.021196222;0.077584724;
1.30859008;3.667278767;0.021142377;0.077534989;
1.3095936;3.674300909;0.021123303;0.077613372;
1.31059712;3.681295633;0.021121746;0.077755391;
1.31160064;3.688130856;0.02108321;0.077757636;
1.31260416;3.695265055;0.021074645;0.0778764;
1.31360768;3.702344656;0.021052457;0.077943453;
1.3146112;3.709319115;0.021038834;0.078039749;
1.31561472;3.716312885;0.020996274;0.078028725;
1.31661824;3.723554373;0.02095696;0.078034378;
1.31762176;3.730618238;0.02093594;0.078103998;
1.31862528;3.737470865;0.020953456;0.078312931;
1.3196288;3.744680882;0.020899739;0.078262853;
1.32063232;3.751520157;0.020855496;0.078239813;
1.32163584;3.758673906;0.020848099;0.078361206;
1.32263936;3.765597582;0.020800609;0.078326723;
1.32364288;3.772711277;0.020777902;0.078389024;
1.3246464;3.779655695;0.020733008;0.078363632;
1.32564992;3.786556005;0.020744298;0.078549445;
1.32665344;3.793616056;0.020698365;0.078521649;
1.32765696;3.800705671;0.020673063;0.078572226;
1.32866048;3.807715893;0.020661514;0.078673176;
1.329664;3.814629078;0.020630116;0.078696239;
1.33066752;3.821977377;0.020588724;0.078689637;
1.33167104;3.828864336;0.020549798;0.07868239;
1.33267456;3.835784197;0.02053877;0.078782288;
1.33367808;3.842968941;0.020497639;0.078771789;
1.3346816;3.849905252;0.020472337;0.078816556;
1.33568512;3.856856346;0.020450927;0.078876289;
1.33668864;3.863899946;0.020420177;0.07890152;
1.33769216;3.870974779;0.020381771;0.078897322;
1.33869568;3.878271341;0.020367498;0.078990682;
1.3396992;3.885148764;0.020346867;0.079050605;
1.34070272;3.892186403;0.020297822;0.079002905;
1.34170624;3.899288177;0.020275764;0.079061048;
1.34270976;3.906174898;0.020257859;0.079130739;
1.34371328;3.913178682;0.020216597;0.079111157;
1.3447168;3.920339108;0.020192463;0.079161302;
1.34572032;3.92724824;0.020153537;0.079147944;
1.34672384;3.934510946;0.020121878;0.079169749;
1.34772736;3.941360712;0.020085419;0.07916388;
1.34873088;3.948304176;0.020055706;0.079186027;
1.3497344;3.955284357;0.020022618;0.079195146;
1.35073792;3.962348461;0.019976297;0.079153051;
1.35174144;3.96930933;0.019948918;0.079183428;
1.35274496;3.976424932;0.019924007;0.07922632;
1.35374848;3.983160019;0.019898187;0.079257664;
1.354752;3.990218163;0.01983837;0.079159426;
1.35575552;3.997436762;0.019815924;0.079212902;
1.35675904;4.004387856;0.019760519;0.079128783;
1.35776256;4.011442184;0.019734051;0.079162005;
1.35876608;4.018476963;0.019689677;0.079122515;
1.3597696;4.025549889;0.019678257;0.079215807;
1.36077312;4.032628059;0.019637777;0.079191849;
1.36177664;4.039660454;0.01958769;0.079127617;
1.36278016;4.046824455;0.019575624;0.079219113;
1.36378368;4.053650379;0.019521648;0.079133936;
1.3647872;4.060704231;0.019477403;0.079091972;
1.36579072;4.06764555;0.019440293;0.079076223;
1.36679424;4.074745655;0.019417327;0.079120668;
1.36779776;4.081714153;0.019377623;0.079093917;
1.36880128;4.088720798;0.01935336;0.079130485;
1.3698048;4.095730305;0.019320402;0.079131157;
1.37080832;4.102722645;0.019285111;0.079121461;
1.37181184;4.109777451;0.019208817;0.078943962;
1.37281536;4.116756916;0.019160939;0.07888093;
1.37381888;4.12384367;0.019135768;0.078912914;
1.3748224;4.130733967;0.019078935;0.078810003;
1.37582592;4.137899399;0.019037804;0.078776516;
1.37682944;4.144861221;0.019028332;0.078869796;
1.37783296;4.152004719;0.018988758;0.078841414;
1.37883648;4.15896368;0.01892479;0.078707512;
1.37984;4.165961742;0.018891575;0.078701578;
1.38084352;4.17312479;0.018857449;0.078694489;
1.38184704;4.180034637;0.018796077;0.078568253;
1.38285056;4.186897755;0.018756242;0.078530469;
1.38385408;4.194162369;0.01874651;0.078625907;
1.3848576;4.201104641;0.018702008;0.078569092;
1.38586112;4.208320618;0.018654518;0.078504192;
1.38686464;4.215515614;0.018607808;0.078441506;
1.38786816;4.222261906;0.018580949;0.078453633;
1.38887168;4.2292943;0.01853372;0.078384555;
1.3898752;4.23640728;0.018477276;0.078277266;
1.39087872;4.243360043;0.018436924;0.078234505;
1.39188224;4.250412464;0.018380092;0.078122974;
1.39288576;4.257335663;0.018335199;0.078059097;
1.39388928;4.264451981;0.01827707;0.077941685;
1.3948928;4.271520615;0.018253585;0.077970566;
1.39589632;4.278460503;0.01821466;0.077930702;
1.39689984;4.285420418;0.018156271;0.077807256;
1.39790336;4.292275906;0.018098403;0.077683338;
1.39890688;4.299404144;0.018064797;0.077667863;
1.3999104;4.306613922;0.017985258;0.077455564;
1.40091392;4.313602448;0.017970597;0.077518013;
1.40191744;4.320463657;0.017914286;0.077398021;
1.40292096;4.327573299;0.017860567;0.077292914;
1.40392448;4.334630966;0.017811781;0.077207497;
1.404928;4.341543198;0.017759232;0.077102472;
1.40593152;4.348587513;0.017715245;0.077036295;
1.40693504;4.355753899;0.017629739;0.076790804;
1.40793856;4.362850666;0.01757719;0.076686655;
1.40894208;4.369956493;0.017550202;0.07669362;
1.4099456;4.376770496;0.017491942;0.076558217;
1.41094912;4.383853912;0.017441211;0.076459722;
1.41195264;4.390908241;0.017387105;0.076345183;
1.41295616;4.398061752;0.017339226;0.076258986;
1.41395968;4.405011654;0.017256962;0.076017119;
1.4149632;4.4120574;0.017195851;0.07586908;
1.41596672;4.41911459;0.01715433;0.075806952;
1.41697024;4.426084995;0.017103985;0.075703691;
1.41797376;4.433027744;0.0170395;0.075536577;
1.41897728;4.44016552;0.017011473;0.075533756;
1.4199808;4.447037697;0.016949322;0.075374274;
1.42098432;4.454157352;0.016889507;0.075228522;
1.42198784;4.461196899;0.016812045;0.075001844;
1.42299136;4.468078136;0.016776623;0.074959263;
1.42399488;4.475152016;0.016662572;0.074567541;
1.4249984;4.482067108;0.016616639;0.07447689;
1.42600192;4.489061832;0.016566945;0.074370042;
1.42700544;4.496063709;0.016508427;0.074222937;
1.42800896;4.503133297;0.016434208;0.074005427;
1.42901248;4.510256767;0.016405793;0.073994338;
1.430016;4.51736927;0.016329238;0.073765199;
1.43101952;4.524340153;0.016243603;0.073491586;
1.43202304;4.531279087;0.016172368;0.073281513;
1.43302656;4.538278103;0.016113851;0.073129138;
1.43403008;4.545331478;0.016048199;0.072944382;
1.4350336;4.55237484;0.015980726;0.072750255;
1.43603712;4.559317589;0.015909232;0.072535242;
1.43704064;4.566447735;0.01584786;0.072368424;
1.43804416;4.573442459;0.015783116;0.072183174;
1.43904768;4.58044529;0.015715385;0.071983461;
1.4400512;4.587639809;0.015652066;0.071806042;
1.44105472;4.594511032;0.015555271;0.071468864;
1.44205824;4.601515293;0.015505835;0.071350339;
1.44306176;4.608752728;0.015443555;0.071175527;
1.44406528;4.615707874;0.015392952;0.071049368;
1.4450688;4.622701645;0.015303683;0.070744358;
1.44607232;4.629733562;0.015236082;0.070539002;
1.44707584;4.636585236;0.015156933;0.070276412;
1.44807936;4.643671989;0.015087906;0.070063288;
1.44908288;4.650735855;0.014998896;0.069755904;
1.4500864;4.657844543;0.014938043;0.069579084;
1.45108992;4.664822102;0.014863306;0.069334677;
1.45209344;4.671819687;0.014771571;0.069010118;
1.45309696;4.678884506;0.014719411;0.068870423;
1.45410048;4.685891151;0.014649475;0.068645845;
1.455104;4.692932129;0.014531661;0.068196098;
1.45610752;4.699956894;0.014472494;0.068020097;
1.45711104;4.706897736;0.014364671;0.067613037;
1.45811456;4.713994503;0.014263724;0.067239116;
1.45911808;4.720905781;0.014184446;0.066963433;
1.4601216;4.727889061;0.014125279;0.066782753;
1.46112512;4.735019207;0.014044832;0.066502551;
1.46212864;4.742060661;0.013959715;0.066197816;
1.46313216;4.749220371;0.013852411;0.065788152;
1.46413568;4.756221771;0.013759509;0.065443275;
1.4651392;4.763044834;0.013668812;0.065105164;
1.46614272;4.770085335;0.013580061;0.064778052;
1.46714624;4.777078152;0.013478986;0.064390169;
1.46814976;4.784120083;0.013407882;0.064144919;
1.46915328;4.791135311;0.013324711;0.063840491;
1.4701568;4.798204899;0.013214812;0.063407374;
1.47116032;4.805234909;0.01311659;0.063028295;
1.47216384;4.812145233;0.013019017;0.0626494;
1.47316736;4.81914711;0.012918589;0.062256579;
1.47417088;4.826192379;0.012832823;0.061933674;
1.4751744;4.833343029;0.012738753;0.061570764;
1.47617792;4.84026289;0.012635211;0.061157745;
1.47718144;4.847476006;0.012523496;0.060707344;
1.47818496;4.854482651;0.012458101;0.060477635;
1.47918848;4.86156702;0.012344439;0.060013315;
1.480192;4.868605614;0.012242064;0.059601781;
1.48119552;4.875584126;0.01217122;0.059341807;
1.48219904;4.882544041;0.012058984;0.058878523;
1.48320256;4.889555454;0.011934164;0.058352757;
1.48420608;4.89659977;0.01182063;0.057880895;
1.4852096;4.90373373;0.01173149;0.057528106;
1.48621312;4.910565376;0.01160719;0.056997864;
1.48721664;4.917788982;0.011506372;0.05658591;
1.48822016;4.924694538;0.011385314;0.056069194;
1.48922368;4.931632996;0.011287611;0.055666355;
1.4902272;4.93853426;0.011144365;0.055036829;
1.49123072;4.945584774;0.011019804;0.054499373;
1.49223424;4.95267868;0.010914445;0.054055739;
1.49323776;4.959605694;0.010785862;0.053493622;
1.49424128;4.96680069;0.010664415;0.052968022;
1.4952448;4.97383213;0.01058799;0.052662886;
1.49624832;4.980826855;0.010438257;0.05199115;
1.49725184;4.987976551;0.01032706;0.051511132;
1.49825536;4.995222569;0.010189004;0.050896344;
1.49925888;5.002050877;0.010072487;0.050383094;
1.5002624;5.009039879;0.009933135;0.049755467;
1.50126592;5.016103745;0.009834004;0.049328382;
1.50226944;5.023095131;0.009693872;0.048693242;
1.50327296;5.029976845;0.009584362;0.048209117;
1.50427648;5.036974907;0.009433979;0.047518716;
1.50528;5.04410696;0.009273866;0.046778373;
1.50628352;5.05123806;0.009153327;0.046235634;
1.50728704;5.058233261;0.009034994;0.045701107;
1.50829056;5.065173626;0.008888374;0.045021158;
1.50929408;5.072224617;0.008767186;0.044469135;
1.5102976;5.079193592;0.008642755;0.043898223;
1.51130112;5.086206913;0.008484327;0.043153044;
1.51230464;5.093283653;0.008323695;0.042394938;
1.51330816;5.100221157;0.008218856;0.041917981;
1.51431168;5.107250214;0.008069771;0.041214341;
1.5153152;5.114301205;0.007907192;0.040439763;
1.51631872;5.121219635;0.007765114;0.039766856;
1.51732224;5.128432274;0.007604353;0.038998408;
1.51832576;5.135364056;0.007448131;0.038248865;
1.51932928;5.142517567;0.007279325;0.037434056;
1.5203328;5.149646759;0.007134652;0.036740936;
1.52133632;5.156542301;0.006982193;0.036003975;
1.52233984;5.163499355;0.006813646;0.035182256;
1.52334336;5.170648098;0.006674034;0.034509079;
1.52434688;5.1775527;0.006489526;0.033599865;
1.5253504;5.184602737;0.006321887;0.032776475;
1.52635392;5.191510677;0.006152951;0.031943112;
1.52735744;5.198630333;0.006023459;0.031313735;
1.52836096;5.205670834;0.005820787;0.030301099;
1.52936448;5.212621212;0.005654575;0.029475159;
1.530368;5.219741821;0.005498224;0.028699312;
1.53137152;5.226640224;0.005320724;0.027809511;
1.53237504;5.233758926;0.005106634;0.026726891;
1.53337856;5.240800381;0.004939254;0.025885646;
1.53438208;5.24770689;0.00478498;0.025110172;
1.5353856;5.254698277;0.004582827;0.024081371;
1.53638912;5.261754036;0.004413242;0.023221391;
1.53739264;5.268792152;0.004224063;0.022255712;
1.53839616;5.275868416;0.004038259;0.021305323;
1.53939968;5.28285265;0.003824818;0.02020595;
1.5404032;5.289966106;0.003645371;0.019283891;
1.54140672;5.296830654;0.003444905;0.018247079;
1.54241024;5.303920269;0.003239768;0.01718347;
1.54341376;5.310906887;0.003018801;0.016032572;
1.54441728;5.31798172;0.002829234;0.015045814;
1.5454208;5.325127602;0.002632011;0.014015795;
1.54642432;5.332211971;0.002392101;0.012755188;
1.54742784;5.339212894;0.002190337;0.011694675;
1.54843136;5.346158981;0.001984421;0.010609031;
1.54943488;5.353125572;0.001775521;0.009504587;
1.5504384;5.36010313;0.001562858;0.008377081;
1.55144192;5.367202282;0.001343318;0.007209861;
1.55244544;5.374164104;0.001119108;0.006014268;
1.55344896;5.38126421;0.000891134;0.004795428;
1.55445248;5.388348579;0.000661344;0.003563552;
1.555456;5.39527607;0.000400154;0.002158941;
1.55645952;5.402126789;0.00015674;0.000846729;
;;;;
